id,Normal,Predicted,Probability,Unnamed: 0,Age,Sex,Job,Housing,Saving accounts,Checking account,Credit amount,Duration,Purpose,Risk
0,1,good,0.8879079,0,67,male,2,own,,little,1169,6,radio/TV,good
1,0,bad,0.38898724,1,22,female,2,own,little,moderate,5951,48,radio/TV,bad
2,1,good,0.8593222,2,49,male,1,own,little,,2096,12,education,good
3,1,good,0.6956298,3,45,male,2,free,little,little,7882,42,furniture/equipment,good
4,0,good,0.6295129,4,53,male,2,free,little,little,4870,24,car,bad
5,1,good,0.6863346,5,35,male,1,free,,,9055,36,education,good
6,1,good,0.85457814,6,53,male,2,own,quite rich,,2835,24,furniture/equipment,good
7,1,good,0.75613016,7,35,male,3,rent,little,moderate,6948,36,car,good
8,1,good,0.8553957,8,61,male,1,own,rich,,3059,12,radio/TV,good
9,0,good,0.5324504,9,28,male,3,own,little,moderate,5234,30,car,bad
10,0,bad,0.29125664,10,25,female,2,rent,little,moderate,1295,12,car,bad
11,0,bad,0.3271076,11,24,female,2,rent,little,little,4308,48,business,bad
12,1,good,0.6206397,12,22,female,2,own,little,moderate,1567,12,radio/TV,good
13,0,good,0.63329726,13,60,male,1,own,little,little,1199,24,car,bad
14,1,good,0.57937086,14,28,female,2,rent,little,little,1403,15,car,good
15,0,good,0.6465228,15,32,female,1,own,moderate,little,1282,24,radio/TV,bad
16,1,good,0.87158924,16,53,male,2,own,,,2424,24,radio/TV,good
17,1,good,0.6025605,17,25,male,2,own,,little,8072,30,business,good
18,0,bad,0.25293565,18,44,female,3,free,little,moderate,12579,24,car,bad
19,1,good,0.8025875,19,31,male,2,own,quite rich,,3430,24,radio/TV,good
20,1,good,0.8906316,20,48,male,2,own,little,,2134,9,car,good
21,1,good,0.9239287,21,44,male,2,rent,quite rich,little,2647,6,radio/TV,good
22,1,good,0.86355126,22,48,male,1,rent,little,little,2241,10,car,good
23,1,good,0.8424459,23,44,male,2,own,moderate,moderate,1804,12,car,good
24,1,good,0.81593657,24,26,male,2,own,,,2069,10,furniture/equipment,good
25,1,good,0.9039757,25,36,male,1,own,little,little,1374,6,furniture/equipment,good
26,1,good,0.88805026,26,39,male,1,own,little,,426,6,radio/TV,good
27,1,good,0.82143855,27,42,female,2,rent,rich,rich,409,12,radio/TV,good
28,1,good,0.9056532,28,34,male,2,own,little,moderate,2415,7,radio/TV,good
29,0,good,0.5032647,29,63,male,2,own,little,little,6836,60,business,bad
30,1,good,0.8351097,30,36,male,2,own,rich,moderate,1913,18,business,good
31,1,good,0.7389303,31,27,male,2,own,little,little,4020,24,furniture/equipment,good
32,1,good,0.7593719,32,30,male,2,own,moderate,moderate,5866,18,car,good
33,1,good,0.7894301,33,57,male,1,rent,,,1264,12,business,good
34,1,good,0.79844254,34,33,female,3,own,little,rich,1474,12,furniture/equipment,good
35,0,bad,0.38318714,35,25,male,1,own,little,moderate,4746,45,radio/TV,bad
36,1,good,0.5109548,36,31,male,2,free,little,,6110,48,education,good
37,0,good,0.7689043,37,37,male,2,own,little,rich,2100,18,radio/TV,bad
38,1,good,0.8253249,38,37,male,2,own,little,rich,1225,10,domestic appliances,good
39,1,good,0.6406882,39,24,male,2,own,little,moderate,458,9,radio/TV,good
40,1,good,0.7929998,40,30,male,3,own,quite rich,,2333,30,radio/TV,good
41,1,good,0.79433626,41,26,male,2,own,quite rich,moderate,1158,12,radio/TV,good
42,1,good,0.7577073,42,44,male,1,own,little,moderate,6204,18,repairs,good
43,1,good,0.729166,43,24,male,2,rent,moderate,little,6187,30,car,good
44,0,bad,0.39540523,44,58,female,1,free,little,little,6143,48,car,bad
45,1,good,0.7802578,45,35,female,3,own,little,,1393,11,car,good
46,1,good,0.8437943,46,39,male,2,own,quite rich,,2299,36,radio/TV,good
47,1,good,0.66371953,47,23,female,0,rent,quite rich,little,1352,6,car,good
48,1,good,0.86337656,48,39,male,1,own,little,,7228,11,car,good
49,1,good,0.8361644,49,28,female,2,own,moderate,,2073,12,radio/TV,good
50,1,good,0.71976244,50,29,male,1,own,,moderate,2333,24,furniture/equipment,good
51,1,good,0.72277975,51,30,male,3,own,little,moderate,5965,27,car,good
52,1,good,0.71968466,52,25,male,2,own,little,,1262,12,radio/TV,good
53,1,good,0.7411927,53,31,male,2,own,,,3378,18,car,good
54,0,bad,0.46326572,54,57,male,2,free,little,moderate,2225,36,car,bad
55,1,good,0.7154708,55,26,male,1,own,,,783,6,car,good
56,0,good,0.52390593,56,52,male,3,own,,moderate,6468,12,radio/TV,bad
57,1,good,0.7261129,57,31,female,2,own,little,,9566,36,radio/TV,good
58,1,good,0.60808516,58,23,female,3,own,little,rich,1961,18,car,good
59,0,bad,0.43210945,59,23,female,1,rent,little,little,6229,36,furniture/equipment,bad
60,1,good,0.7707885,60,27,male,2,own,little,moderate,1391,9,business,good
61,1,good,0.84820133,61,50,male,2,own,,moderate,1537,15,radio/TV,good
62,0,bad,0.428316,62,61,male,3,free,little,moderate,1953,36,business,bad
63,0,bad,0.3331526,63,25,male,2,own,little,moderate,14421,48,business,bad
64,1,good,0.7819302,64,26,female,2,own,little,,3181,24,radio/TV,good
65,1,good,0.7249042,65,48,male,2,own,,,5190,27,repairs,good
66,1,good,0.8266203,66,29,female,2,own,little,,2171,12,radio/TV,good
67,1,bad,0.44870988,67,22,male,2,own,rich,moderate,1007,12,car,good
68,0,bad,0.43756616,68,37,male,2,free,little,,1819,36,education,bad
69,1,good,0.74328196,69,25,female,2,own,,,2394,36,radio/TV,good
70,1,good,0.6505959,70,30,female,2,own,little,,8133,36,car,good
71,1,good,0.90057135,71,46,male,1,rent,,,730,7,radio/TV,good
72,1,good,0.6964548,72,51,male,3,free,little,little,1164,8,vacation/others,good
73,1,good,0.7236128,73,41,female,1,own,little,moderate,5954,42,business,good
74,0,good,0.5684161,74,40,male,3,own,,little,1977,36,education,bad
75,1,good,0.8296033,75,66,male,3,free,little,little,1526,12,car,good
76,0,good,0.7148559,76,34,male,2,own,little,little,3965,42,radio/TV,bad
77,1,good,0.809986,77,51,male,2,own,little,moderate,4771,11,radio/TV,good
78,1,good,0.57875186,78,39,male,1,own,,,9436,54,car,good
79,1,good,0.6438849,79,22,male,2,own,little,moderate,3832,30,furniture/equipment,good
80,0,good,0.727837,80,44,female,2,own,,,5943,24,radio/TV,bad
81,1,good,0.84307593,81,47,male,2,own,quite rich,,1213,15,radio/TV,good
82,1,good,0.51368445,82,24,female,1,rent,moderate,,1568,18,business,good
83,1,good,0.8284077,83,58,female,1,own,little,little,1755,24,vacation/others,good
84,1,good,0.914505,84,52,male,1,own,little,little,2315,10,radio/TV,good
85,1,good,0.7912495,85,29,female,3,own,little,,1412,12,business,good
86,1,good,0.55956095,86,27,female,2,own,little,moderate,1295,18,furniture/equipment,good
87,0,bad,0.37735882,87,47,male,2,free,moderate,moderate,12612,36,education,bad
88,1,good,0.74231976,88,30,male,3,own,moderate,little,2249,18,car,good
89,0,good,0.7376456,89,28,male,2,own,little,little,1108,12,repairs,bad
90,1,good,0.87165904,90,56,male,2,own,little,,618,12,radio/TV,good
91,1,good,0.85762537,91,54,male,2,own,little,little,1409,12,car,good
92,0,good,0.73945695,92,33,female,1,own,,,797,12,radio/TV,bad
93,1,good,0.6374484,93,20,male,2,rent,,rich,3617,24,furniture/equipment,good
94,1,good,0.7498333,94,54,male,2,own,rich,moderate,1318,12,car,good
95,0,bad,0.28689396,95,58,male,2,rent,little,moderate,15945,54,business,bad
96,1,good,0.86286217,96,61,female,2,own,,,2012,12,education,good
97,1,good,0.7813445,97,34,male,2,own,moderate,moderate,2622,18,business,good
98,1,good,0.7513962,98,36,male,2,own,little,moderate,2337,36,radio/TV,good
99,1,good,0.8015556,99,36,male,3,rent,,moderate,7057,20,car,good
100,1,good,0.712193,100,41,male,1,rent,moderate,,1469,24,car,good
101,1,bad,0.42637983,101,24,male,2,rent,little,moderate,2323,36,radio/TV,good
102,1,good,0.82453436,102,24,female,2,own,little,,932,6,radio/TV,good
103,1,good,0.8237826,103,35,male,2,rent,little,moderate,1919,9,furniture/equipment,good
104,1,good,0.72131044,104,26,male,2,rent,,,2445,12,car,good
105,0,bad,0.40889475,105,39,male,3,own,little,moderate,11938,24,vacation/others,bad
106,0,good,0.7650768,106,39,male,3,own,little,,6458,18,car,bad
107,1,good,0.73001623,107,32,male,2,own,little,moderate,6078,12,car,good
108,1,good,0.72372967,108,30,female,2,own,,little,7721,24,furniture/equipment,good
109,1,good,0.7921594,109,35,male,2,own,quite rich,moderate,1410,14,business,good
110,1,good,0.88486075,110,31,male,2,own,moderate,moderate,1449,6,business,good
111,1,good,0.61238366,111,23,female,2,rent,little,rich,392,15,education,good
112,1,good,0.6743192,112,28,male,1,rent,little,moderate,6260,18,car,good
113,0,bad,0.34360874,113,25,female,2,own,little,,7855,36,car,bad
114,1,good,0.8501569,114,35,male,2,own,quite rich,little,1680,12,radio/TV,good
115,1,good,0.7825506,115,47,male,2,own,,,3578,48,radio/TV,good
116,0,good,0.6195756,116,30,female,3,own,,little,7174,42,radio/TV,bad
117,1,good,0.725911,117,27,female,2,rent,,little,2132,10,furniture/equipment,good
118,0,bad,0.48195085,118,23,female,2,own,quite rich,little,4281,33,furniture/equipment,bad
119,1,good,0.7955292,119,36,male,3,own,quite rich,moderate,2366,12,car,good
120,0,good,0.7319461,120,25,female,2,own,little,little,1835,21,radio/TV,bad
121,1,good,0.7469478,121,41,female,3,rent,little,,3868,24,car,good
122,1,good,0.67206687,122,24,male,1,rent,little,,1768,12,furniture/equipment,good
123,1,good,0.7404156,123,63,male,2,free,little,rich,781,10,car,good
124,0,bad,0.49315217,124,27,female,2,rent,,moderate,1924,18,furniture/equipment,bad
125,1,good,0.79581445,125,30,male,2,own,little,little,2121,12,car,good
126,1,good,0.8204231,126,40,male,1,own,little,little,701,12,radio/TV,good
127,0,good,0.5878734,127,30,male,2,own,little,moderate,639,12,repairs,bad
128,1,good,0.7859018,128,34,male,3,own,little,moderate,1860,12,car,good
129,0,good,0.72605616,129,29,female,2,own,little,little,3499,12,car,bad
130,1,bad,0.42324057,130,24,female,2,own,,moderate,8487,48,car,good
131,0,bad,0.42874286,131,29,male,2,own,little,little,6887,36,education,bad
132,1,good,0.81621283,132,27,male,1,own,little,,2708,15,furniture/equipment,good
133,1,good,0.6769892,133,47,male,2,free,little,,1984,18,furniture/equipment,good
134,1,good,0.72587556,134,21,female,2,own,moderate,,10144,60,radio/TV,good
135,1,good,0.80175036,135,38,female,2,own,,,1240,12,radio/TV,good
136,1,good,0.6207044,136,27,male,2,own,rich,,8613,27,car,good
137,0,good,0.86420196,137,66,male,1,own,quite rich,moderate,766,12,radio/TV,bad
138,1,good,0.82585627,138,35,male,2,own,,moderate,2728,15,radio/TV,good
139,1,good,0.83109736,139,44,female,1,rent,little,rich,1881,12,radio/TV,good
140,1,good,0.72476596,140,27,male,0,own,rich,rich,709,6,car,good
141,1,good,0.651268,141,30,female,3,own,little,moderate,4795,36,radio/TV,good
142,1,good,0.78721964,142,27,male,3,own,little,little,3416,27,radio/TV,good
143,0,good,0.6646154,143,22,male,2,own,little,little,2462,18,furniture/equipment,bad
144,1,good,0.6652845,144,23,female,2,own,little,,2288,21,furniture/equipment,good
145,1,good,0.66842437,145,30,male,2,own,moderate,moderate,3566,48,business,good
146,1,good,0.87421066,146,39,female,2,own,little,little,860,6,car,good
147,1,good,0.7660225,147,51,female,2,own,moderate,,682,12,car,good
148,1,good,0.5210701,148,28,male,2,own,little,little,5371,36,furniture/equipment,good
149,1,good,0.88413537,149,46,male,2,own,rich,,1582,18,radio/TV,good
150,1,good,0.85383916,150,42,male,2,free,moderate,,1346,6,radio/TV,good
151,1,good,0.8834652,151,38,male,2,own,little,,1924,10,radio/TV,good
152,1,good,0.5146897,152,24,male,2,own,little,rich,5848,36,radio/TV,good
153,1,good,0.72733164,153,29,female,2,rent,rich,moderate,7758,24,car,good
154,1,good,0.767076,154,36,male,3,rent,moderate,moderate,6967,24,business,good
155,0,good,0.6228591,155,20,female,2,rent,little,little,1282,12,furniture/equipment,bad
156,1,good,0.8758369,156,48,male,2,own,moderate,little,1288,9,repairs,good
157,1,good,0.74312556,157,45,male,1,own,little,little,339,12,education,good
158,1,good,0.79449946,158,38,male,2,own,moderate,moderate,3512,24,car,good
159,1,good,0.9127348,159,34,male,1,own,,,1898,6,radio/TV,good
160,1,good,0.8459048,160,36,male,2,own,moderate,,2872,24,radio/TV,good
161,1,good,0.5152619,161,30,female,2,own,little,,1055,18,car,good
162,1,good,0.77291036,162,36,male,2,own,quite rich,,1262,15,domestic appliances,good
163,1,good,0.6219195,163,70,male,3,free,little,moderate,7308,10,car,good
164,1,good,0.67234975,164,36,male,2,own,quite rich,,909,36,car,good
165,1,good,0.8849449,165,32,male,2,own,quite rich,,2978,6,furniture/equipment,good
166,0,good,0.5405403,166,33,female,2,own,little,little,1131,18,furniture/equipment,bad
167,1,good,0.69016474,167,20,female,2,own,rich,moderate,1577,11,furniture/equipment,good
168,1,good,0.6462783,168,25,female,2,rent,little,,3972,24,furniture/equipment,good
169,0,good,0.71186733,169,31,male,2,own,little,moderate,1935,24,business,bad
170,0,bad,0.4792429,170,33,male,2,rent,little,little,950,15,car,bad
171,1,good,0.7090142,171,26,female,2,own,little,,763,12,furniture/equipment,good
172,0,good,0.6316503,172,34,female,3,own,little,moderate,2064,24,furniture/equipment,bad
173,1,good,0.8021513,173,33,male,2,own,little,moderate,1414,8,radio/TV,good
174,0,good,0.7515011,174,26,male,2,own,little,little,3414,21,education,bad
175,0,good,0.6034487,175,53,female,3,own,,,7485,30,car,bad
176,1,good,0.8114051,176,42,male,2,own,little,little,2577,12,furniture/equipment,good
177,1,good,0.9084756,177,52,male,2,own,quite rich,little,338,6,radio/TV,good
178,1,good,0.7985211,178,31,male,3,rent,little,,1963,12,radio/TV,good
179,1,good,0.76412123,179,65,male,2,own,little,little,571,21,car,good
180,0,bad,0.36210746,180,28,male,2,own,little,,9572,36,business,bad
181,0,good,0.599416,181,30,male,3,own,little,moderate,4455,36,business,bad
182,0,good,0.7557114,182,40,male,1,own,,little,1647,21,car,bad
183,1,good,0.8506604,183,50,male,2,own,rich,,3777,24,furniture/equipment,good
184,0,good,0.6515943,184,36,male,2,own,little,moderate,884,18,car,bad
185,1,good,0.8202887,185,31,male,2,own,little,,1360,15,radio/TV,good
186,0,good,0.60820407,186,74,female,3,free,little,moderate,5129,9,car,bad
187,1,good,0.6357414,187,68,male,0,free,little,moderate,1175,16,car,good
188,0,good,0.6137957,188,20,male,2,own,moderate,little,674,12,radio/TV,bad
189,1,good,0.7134717,189,33,female,2,own,little,moderate,3244,18,furniture/equipment,good
190,0,good,0.62863654,190,54,male,3,own,rich,,4591,24,business,bad
191,0,bad,0.39369977,191,34,male,1,free,moderate,moderate,3844,48,business,bad
192,0,good,0.66817105,192,36,male,2,own,little,moderate,3915,27,business,bad
193,1,good,0.85762364,193,29,male,2,rent,little,,2108,6,radio/TV,good
194,0,bad,0.39137396,194,21,male,2,rent,moderate,moderate,3031,45,radio/TV,bad
195,0,good,0.62461406,195,34,female,3,own,little,moderate,1501,9,education,bad
196,1,good,0.904283,196,28,female,2,own,little,,1382,6,radio/TV,good
197,0,good,0.54004526,197,27,female,2,rent,moderate,moderate,951,12,furniture/equipment,bad
198,1,good,0.69273895,198,36,male,2,free,,moderate,2760,24,car,good
199,0,good,0.770385,199,40,male,3,own,little,moderate,4297,18,furniture/equipment,bad
200,1,good,0.86622036,200,52,male,2,own,quite rich,,936,9,education,good
201,1,good,0.54879564,201,27,male,1,own,little,little,1168,12,car,good
202,1,good,0.65720755,202,26,male,2,own,little,,5117,27,business,good
203,0,good,0.56636965,203,21,male,2,rent,little,little,902,12,education,bad
204,1,good,0.8109199,204,38,male,1,own,little,,1495,12,car,good
205,1,good,0.57865816,205,38,male,3,free,little,little,10623,30,car,good
206,1,good,0.8511369,206,43,male,2,own,little,,1935,12,furniture/equipment,good
207,1,good,0.77176315,207,26,male,2,own,little,moderate,1424,12,domestic appliances,good
208,1,good,0.68037903,208,21,male,1,own,little,little,6568,24,business,good
209,1,good,0.8136061,209,55,male,2,own,rich,,1413,12,car,good
210,1,good,0.8489418,210,33,male,2,own,,,3074,9,radio/TV,good
211,1,good,0.8329805,211,45,female,1,own,,,3835,36,radio/TV,good
212,0,good,0.57309103,212,50,male,2,own,little,little,5293,27,business,bad
213,0,good,0.7960988,213,66,male,3,own,little,rich,1908,30,business,bad
214,1,good,0.8450814,214,51,male,2,own,,,3342,36,radio/TV,good
215,1,good,0.8731322,215,39,female,1,own,,moderate,932,6,education,good
216,1,good,0.73996454,216,31,male,2,own,little,little,3104,18,business,good
217,1,good,0.7360785,217,23,male,2,own,little,rich,3913,36,radio/TV,good
218,1,good,0.56229985,218,24,male,1,rent,little,little,3021,24,furniture/equipment,good
219,1,good,0.88834095,219,64,female,2,own,little,,1364,10,car,good
220,1,good,0.7895988,220,26,male,1,own,little,moderate,625,12,radio/TV,good
221,1,good,0.5754227,221,23,female,2,rent,,little,1200,12,education,good
222,1,good,0.7568437,222,30,male,2,own,little,,707,12,radio/TV,good
223,1,good,0.7750727,223,32,male,2,own,,,2978,24,business,good
224,1,good,0.7272067,224,30,male,2,own,little,,4657,15,car,good
225,1,good,0.6737682,225,27,male,2,own,little,,2613,36,repairs,good
226,0,good,0.54808635,226,27,male,2,own,rich,moderate,10961,48,radio/TV,bad
227,0,good,0.51323247,227,53,male,3,free,little,little,7865,12,furniture/equipment,bad
228,0,good,0.5925608,228,22,male,2,own,little,,1478,9,radio/TV,bad
229,1,good,0.5839668,229,22,male,2,free,little,little,3149,24,furniture/equipment,good
230,0,good,0.54928017,230,26,male,2,own,little,rich,4210,36,radio/TV,bad
231,1,good,0.7943351,231,51,male,1,free,quite rich,,2507,9,car,good
232,1,good,0.8493347,232,35,male,2,own,moderate,,2141,12,radio/TV,good
233,1,good,0.7559298,233,25,male,1,own,little,moderate,866,18,radio/TV,good
234,1,good,0.9265958,234,42,male,1,own,little,,1544,4,radio/TV,good
235,0,good,0.7785132,235,30,male,3,own,little,little,1823,24,radio/TV,bad
236,0,bad,0.37777647,236,23,male,0,own,,moderate,14555,6,car,bad
237,0,good,0.7096549,237,61,male,1,rent,moderate,moderate,2767,21,business,bad
238,1,good,0.8099563,238,35,female,2,own,little,,1291,12,radio/TV,good
239,1,good,0.8352023,239,39,male,2,own,little,little,2522,30,radio/TV,good
240,0,good,0.5189996,240,29,female,2,own,,little,915,24,car,bad
241,1,good,0.9345378,241,51,male,2,own,little,,1595,6,radio/TV,good
242,0,bad,0.42610392,242,24,male,2,free,little,little,4605,48,car,bad
243,1,good,0.77573305,243,27,female,2,own,little,,1185,12,business,good
244,1,good,0.8096576,244,35,female,1,own,quite rich,,3447,12,education,good
245,1,good,0.7194349,245,25,male,2,own,little,,1258,24,business,good
246,1,good,0.86574817,246,52,male,2,own,little,,717,12,radio/TV,good
247,1,good,0.76250553,247,35,male,2,rent,moderate,,1204,6,car,good
248,1,good,0.73291576,248,26,male,2,own,little,rich,1925,24,furniture/equipment,good
249,0,bad,0.48478192,249,22,female,2,rent,little,,433,18,radio/TV,bad
250,1,good,0.8906729,250,39,female,1,own,rich,little,666,6,car,good
251,1,good,0.8652592,251,46,female,1,own,little,rich,2251,12,furniture/equipment,good
252,0,bad,0.44653213,252,24,female,2,own,little,moderate,2150,30,car,bad
253,1,good,0.78581184,253,35,male,2,own,moderate,,4151,24,furniture/equipment,good
254,1,good,0.724297,254,24,male,2,own,,moderate,2030,9,furniture/equipment,good
255,1,good,0.6380937,255,27,male,1,own,,moderate,7418,60,radio/TV,good
256,1,good,0.77168727,256,35,male,1,own,little,,2684,24,radio/TV,good
257,0,good,0.7369115,257,29,male,2,free,little,little,2149,12,radio/TV,bad
258,1,good,0.77189493,258,23,female,2,own,moderate,,3812,15,car,good
259,1,good,0.90203315,259,57,female,1,own,moderate,,1154,11,radio/TV,good
260,1,good,0.81152755,260,27,male,2,own,little,little,1657,12,furniture/equipment,good
261,1,good,0.85181004,261,55,female,2,own,little,little,1603,24,radio/TV,good
262,1,good,0.7798829,262,36,male,3,free,little,little,5302,18,car,good
263,1,good,0.8164673,263,57,female,1,free,little,,2748,12,education,good
264,1,good,0.6875099,264,32,male,1,own,little,,1231,10,car,good
265,0,good,0.7853292,265,37,male,2,own,little,moderate,802,15,radio/TV,bad
266,1,good,0.76482314,266,36,male,2,own,,,6304,36,business,good
267,1,good,0.79930174,267,38,female,2,own,little,,1533,24,radio/TV,good
268,0,bad,0.4689198,268,45,male,3,own,little,little,8978,14,car,bad
269,1,good,0.7530396,269,25,male,2,own,,,999,24,radio/TV,good
270,1,good,0.76212764,270,32,male,2,own,,,2662,18,car,good
271,1,good,0.8080798,271,37,female,2,rent,quite rich,,1402,12,furniture/equipment,good
272,1,good,0.5196336,272,36,male,3,free,,moderate,12169,48,car,good
273,0,good,0.58299106,273,28,male,2,own,little,moderate,3060,48,radio/TV,bad
274,0,good,0.5697215,274,34,male,1,own,little,little,11998,30,repairs,bad
275,1,good,0.8402706,275,32,male,2,own,little,,2697,9,radio/TV,good
276,1,good,0.7722512,276,26,female,2,own,little,,2404,18,radio/TV,good
277,1,good,0.8339321,277,49,male,1,own,,little,1262,12,furniture/equipment,good
278,0,good,0.6835042,278,32,female,2,own,little,,4611,6,furniture/equipment,bad
279,1,good,0.80003417,279,29,male,3,rent,moderate,,1901,24,radio/TV,good
280,1,good,0.73472804,280,23,male,2,rent,rich,,3368,15,car,good
281,1,good,0.87103254,281,50,male,2,own,little,,1574,12,furniture/equipment,good
282,1,good,0.8092264,282,49,male,1,own,,rich,1445,18,radio/TV,good
283,1,good,0.8763036,283,63,male,2,own,,,1520,15,furniture/equipment,good
284,1,good,0.7944302,284,37,male,2,own,moderate,moderate,3878,24,car,good
285,1,good,0.7065068,285,35,female,1,own,little,little,10722,47,car,good
286,1,good,0.5054025,286,26,male,2,own,little,little,4788,48,car,good
287,1,good,0.65191066,287,31,male,3,free,moderate,moderate,7582,48,vacation/others,good
288,1,good,0.8480357,288,49,female,2,own,little,moderate,1092,12,radio/TV,good
289,0,good,0.82254994,289,48,male,2,own,little,little,1024,24,radio/TV,bad
290,1,good,0.78262484,290,26,male,2,own,little,,1076,12,business,good
291,0,bad,0.2717132,291,28,male,3,rent,little,moderate,9398,36,car,bad
292,1,good,0.74232775,292,44,female,3,free,little,little,6419,24,car,good
293,1,good,0.70401484,293,56,male,2,free,little,rich,4796,42,car,good
294,1,good,0.54656076,294,46,male,3,own,,,7629,48,business,good
295,0,bad,0.31359407,295,26,female,2,own,little,moderate,9960,48,furniture/equipment,bad
296,1,good,0.6815902,296,20,female,2,rent,,,4675,12,car,good
297,1,good,0.85680234,297,45,male,1,own,,,1287,10,car,good
298,1,good,0.82053864,298,43,male,2,own,little,,2515,18,furniture/equipment,good
299,1,good,0.8163142,299,32,male,2,own,rich,moderate,2745,21,furniture/equipment,good
300,1,good,0.89629686,300,54,female,0,own,little,,672,6,car,good
301,0,good,0.64145637,301,42,female,2,own,little,moderate,3804,36,radio/TV,bad
302,0,good,0.5741624,302,37,male,1,own,,rich,1344,24,car,bad
303,1,good,0.8486841,303,49,male,2,own,little,little,1038,10,car,good
304,0,bad,0.36690775,304,44,male,2,free,quite rich,,10127,48,car,bad
305,1,good,0.88922346,305,33,male,2,own,rich,,1543,6,furniture/equipment,good
306,1,good,0.6463566,306,24,female,1,rent,,,4811,30,car,good
307,0,good,0.73721933,307,33,male,1,own,moderate,little,727,12,radio/TV,bad
308,0,good,0.627918,308,24,female,2,own,little,moderate,1237,8,furniture/equipment,bad
309,1,bad,0.443091,309,22,male,1,rent,little,moderate,276,9,car,good
310,1,bad,0.40194792,310,40,male,0,free,,moderate,5381,48,vacation/others,good
311,1,good,0.7836554,311,25,male,2,own,moderate,,5511,24,furniture/equipment,good
312,1,good,0.7478268,312,26,female,2,own,little,rich,3749,24,furniture/equipment,good
313,0,bad,0.36917076,313,25,male,1,own,little,moderate,685,12,car,bad
314,1,good,0.8093091,314,29,male,1,own,,rich,1494,4,car,good
315,0,good,0.7102574,315,31,male,2,own,little,little,2746,36,furniture/equipment,bad
316,1,good,0.73206496,316,38,male,1,own,little,little,708,12,furniture/equipment,good
317,1,good,0.73502517,317,48,female,1,own,,moderate,4351,24,furniture/equipment,good
318,1,good,0.5978576,318,32,male,2,own,little,,701,12,education,good
319,1,good,0.8039272,319,27,female,1,own,little,little,3643,15,furniture/equipment,good
320,0,good,0.5324504,320,28,male,3,own,little,moderate,4249,30,car,bad
321,0,good,0.78872204,321,32,male,2,own,little,little,1938,24,radio/TV,bad
322,1,good,0.7538434,322,34,male,3,free,little,little,2910,24,car,good
323,1,good,0.80061734,323,28,male,2,own,rich,little,2659,18,furniture/equipment,good
324,1,good,0.62505805,324,36,female,2,own,little,,1028,18,car,good
325,1,good,0.86634797,325,39,male,1,own,little,little,3398,8,car,good
326,1,good,0.74009985,326,49,male,2,rent,,,5801,12,furniture/equipment,good
327,1,good,0.8088322,327,34,female,2,own,rich,,1525,24,car,good
328,1,good,0.72188336,328,31,male,2,own,little,rich,4473,36,radio/TV,good
329,1,good,0.83857155,329,28,male,2,own,little,moderate,1068,6,radio/TV,good
330,1,good,0.7617847,330,75,male,3,free,little,little,6615,24,car,good
331,0,good,0.66287416,331,30,female,2,own,moderate,,1864,18,education,bad
332,0,bad,0.48280108,332,24,female,3,own,moderate,moderate,7408,60,car,bad
333,0,bad,0.3406282,333,24,female,1,rent,moderate,,11590,48,car,bad
334,0,good,0.6397136,334,23,male,2,rent,little,little,4110,24,furniture/equipment,bad
335,0,good,0.6762227,335,44,male,3,rent,little,little,3384,6,furniture/equipment,bad
336,1,good,0.77283984,336,23,female,1,own,little,moderate,2101,13,radio/TV,good
337,0,good,0.54110456,337,24,female,2,rent,,little,1275,15,domestic appliances,bad
338,1,good,0.69416565,338,28,male,2,own,little,little,4169,24,furniture/equipment,good
339,1,good,0.83106905,339,31,male,1,own,little,moderate,1521,10,furniture/equipment,good
340,1,good,0.68123597,340,24,female,2,free,little,moderate,5743,24,education,good
341,1,good,0.6622845,341,26,female,1,rent,little,little,3599,21,furniture/equipment,good
342,1,good,0.6690367,342,25,male,2,rent,quite rich,moderate,3213,18,radio/TV,good
343,1,good,0.7284329,343,33,male,3,own,little,moderate,4439,18,business,good
344,1,good,0.8677432,344,37,male,1,own,little,rich,3949,10,car,good
345,1,good,0.8703176,345,43,female,1,own,little,,1459,15,radio/TV,good
346,1,good,0.6939993,346,23,male,2,own,little,moderate,882,13,radio/TV,good
347,1,good,0.699203,347,23,female,0,rent,quite rich,moderate,3758,24,radio/TV,good
348,1,good,0.9001781,348,34,male,1,own,moderate,,1743,6,business,good
349,0,bad,0.46760556,349,32,male,2,free,rich,moderate,1136,9,education,bad
350,1,good,0.6241219,350,23,female,2,rent,little,,1236,9,domestic appliances,good
351,0,good,0.7132622,351,29,female,2,own,little,moderate,959,9,furniture/equipment,bad
352,1,good,0.7995726,352,38,male,3,own,,,3229,18,car,good
353,0,good,0.6390835,353,28,male,2,rent,little,little,6199,12,radio/TV,bad
354,1,good,0.6936481,354,46,male,2,free,quite rich,,727,10,education,good
355,0,good,0.51594734,355,23,male,1,own,little,moderate,1246,24,car,bad
356,1,good,0.8899665,356,49,male,2,own,,,2331,12,radio/TV,good
357,0,good,0.5279295,357,26,male,3,own,little,,4463,36,radio/TV,bad
358,1,good,0.79818565,358,28,male,2,own,little,,776,12,radio/TV,good
359,0,bad,0.40617135,359,23,female,2,rent,little,little,2406,30,furniture/equipment,bad
360,1,good,0.6439891,360,61,male,2,free,,moderate,1239,18,education,good
361,1,good,0.8030429,361,37,male,3,own,,rich,3399,12,radio/TV,good
362,1,good,0.8154956,362,36,female,2,own,little,rich,2247,12,car,good
363,1,good,0.74675155,363,21,male,2,rent,little,,1766,6,furniture/equipment,good
364,0,good,0.7054619,364,25,male,0,own,little,little,2473,18,furniture/equipment,bad
365,1,good,0.81514585,365,36,male,2,own,little,,1542,12,business,good
366,1,good,0.7434207,366,27,male,2,own,little,,3850,18,car,good
367,1,good,0.6230422,367,22,female,2,rent,little,little,3650,18,furniture/equipment,good
368,0,good,0.7249586,368,42,male,2,own,little,little,3446,36,furniture/equipment,bad
369,1,good,0.7039992,369,40,female,2,rent,little,moderate,3001,18,furniture/equipment,good
370,1,good,0.77332956,370,36,male,2,own,,,3079,36,car,good
371,1,good,0.7522479,371,33,male,2,own,little,,6070,18,radio/TV,good
372,1,good,0.65314245,372,23,female,2,rent,little,,2146,10,furniture/equipment,good
373,1,good,0.6003301,373,63,male,3,free,,,13756,60,car,good
374,0,bad,0.44470945,374,60,female,3,free,moderate,moderate,14782,60,vacation/others,bad
375,0,bad,0.3110599,375,37,female,2,rent,little,little,7685,48,business,bad
376,1,good,0.79537034,376,34,male,2,own,little,,2320,18,radio/TV,good
377,1,good,0.8123974,377,36,male,2,free,,,846,7,radio/TV,good
378,0,bad,0.38863656,378,57,male,3,free,little,moderate,14318,36,car,bad
379,1,good,0.87382454,379,52,female,1,own,moderate,,362,6,car,good
380,1,good,0.7863057,380,39,male,2,own,,little,2212,20,furniture/equipment,good
381,0,bad,0.24801654,381,38,female,3,free,little,moderate,12976,18,car,bad
382,1,bad,0.30336612,382,25,female,2,rent,,,1283,22,car,good
383,1,good,0.5692946,383,26,male,2,own,little,rich,1330,12,car,good
384,1,good,0.7368249,384,26,male,1,own,moderate,,4272,30,business,good
385,1,good,0.73689985,385,25,female,2,own,little,,2238,18,radio/TV,good
386,1,good,0.5531868,386,21,female,2,rent,,,1126,18,radio/TV,good
387,1,good,0.7715451,387,40,male,3,own,little,moderate,7374,18,furniture/equipment,good
388,1,good,0.81165963,388,27,male,2,own,quite rich,moderate,2326,15,business,good
389,1,good,0.7933314,389,27,female,2,own,little,,1449,9,business,good
390,1,good,0.7326116,390,30,male,3,own,little,,1820,18,car,good
391,1,good,0.6903587,391,19,female,1,rent,rich,moderate,983,12,furniture/equipment,good
392,1,good,0.71139693,392,39,male,3,free,little,little,3249,36,car,good
393,1,good,0.9069941,393,31,female,2,own,little,little,1957,6,radio/TV,good
394,1,good,0.7799394,394,31,male,3,own,little,,2406,9,furniture/equipment,good
395,1,good,0.610991,395,32,male,2,rent,moderate,moderate,11760,39,education,good
396,1,good,0.79700065,396,55,female,3,free,little,little,2578,12,furniture/equipment,good
397,1,good,0.7475636,397,46,male,2,own,little,little,2348,36,furniture/equipment,good
398,0,good,0.59515655,398,46,male,2,rent,little,moderate,1223,12,car,bad
399,1,good,0.88206846,399,43,female,1,own,rich,,1516,24,radio/TV,good
400,1,good,0.8235092,400,39,male,2,own,little,,1473,18,radio/TV,good
401,1,good,0.74881816,401,28,male,2,own,,moderate,1887,18,business,good
402,0,bad,0.48175156,402,27,male,2,own,little,,8648,24,business,bad
403,1,good,0.5389379,403,27,male,1,own,little,,802,14,car,good
404,1,good,0.8270059,404,43,male,2,own,,moderate,2899,18,car,good
405,0,good,0.5498692,405,22,male,2,own,little,moderate,2039,24,radio/TV,bad
406,1,good,0.82053864,406,43,male,2,own,,,2197,24,car,good
407,1,good,0.834958,407,27,male,2,own,little,little,1053,15,radio/TV,good
408,1,good,0.7938163,408,26,male,3,own,quite rich,,3235,24,radio/TV,good
409,0,good,0.5246134,409,28,male,2,own,quite rich,rich,939,12,car,bad
410,1,good,0.674869,410,20,female,2,own,little,moderate,1967,24,radio/TV,good
411,1,good,0.7854923,411,35,male,3,own,little,,7253,33,car,good
412,0,good,0.7294765,412,42,male,3,own,little,,2292,12,business,bad
413,1,good,0.865628,413,40,male,1,rent,quite rich,,1597,10,car,good
414,0,good,0.5295422,414,35,female,2,own,,little,1381,24,car,bad
415,1,good,0.79027915,415,35,male,2,own,little,,5842,36,car,good
416,0,good,0.76800174,416,33,male,1,own,little,little,2579,12,car,bad
417,1,good,0.60377073,417,23,female,2,rent,,little,8471,18,education,good
418,1,good,0.71846914,418,31,female,3,own,quite rich,,2782,21,car,good
419,0,bad,0.40925047,419,33,female,2,own,,moderate,1042,18,car,bad
420,1,good,0.73534936,420,20,female,2,rent,rich,,3186,15,car,good
421,1,good,0.79880714,421,30,male,2,own,,moderate,2028,12,car,good
422,1,good,0.70927685,422,47,male,1,own,little,moderate,958,12,car,good
423,1,good,0.7787117,423,34,male,3,own,moderate,,1591,21,furniture/equipment,good
424,0,good,0.6719852,424,25,female,2,own,,moderate,2762,12,furniture/equipment,bad
425,1,good,0.53872555,425,21,male,2,rent,little,moderate,2779,18,car,good
426,1,good,0.78765154,426,29,male,2,own,little,,2743,28,radio/TV,good
427,1,good,0.82372427,427,46,male,2,own,rich,,1149,18,radio/TV,good
428,1,good,0.71590734,428,20,male,2,own,little,,1313,9,furniture/equipment,good
429,0,good,0.59979427,429,55,female,0,free,little,little,1190,18,repairs,bad
430,1,good,0.86821175,430,74,male,1,own,little,,3448,5,business,good
431,0,bad,0.36503488,431,29,male,3,own,little,moderate,11328,24,vacation/others,bad
432,1,good,0.8303991,432,36,male,3,free,little,little,1872,6,furniture/equipment,good
433,1,good,0.75624156,433,33,male,2,own,little,,2058,24,repairs,good
434,1,good,0.72338307,434,25,male,2,own,little,little,2136,9,furniture/equipment,good
435,0,good,0.6625793,435,25,male,2,own,,moderate,1484,12,radio/TV,bad
436,1,good,0.73709136,436,23,male,1,rent,quite rich,,660,6,repairs,good
437,1,good,0.7200645,437,37,female,2,own,rich,,1287,24,car,good
438,1,good,0.7643351,438,65,male,0,own,little,little,3394,42,repairs,good
439,0,good,0.724893,439,26,female,0,own,little,rich,609,12,business,bad
440,1,good,0.796164,440,39,male,3,own,little,,1884,12,car,good
441,1,good,0.79715985,441,30,female,2,own,little,little,1620,12,furniture/equipment,good
442,1,good,0.7452384,442,29,male,2,own,little,moderate,2629,20,vacation/others,good
443,0,good,0.6956097,443,41,male,1,own,little,,719,12,education,bad
444,0,good,0.550472,444,30,female,3,own,little,moderate,5096,48,furniture/equipment,bad
445,1,good,0.78195554,445,41,female,1,rent,,,1244,9,education,good
446,0,good,0.5105976,446,34,female,2,own,little,little,1842,36,car,bad
447,1,good,0.923064,447,35,male,2,own,little,moderate,2576,7,radio/TV,good
448,1,good,0.85969925,448,55,female,3,own,,rich,1424,12,furniture/equipment,good
449,0,good,0.7803628,449,61,male,2,own,rich,moderate,1512,15,repairs,bad
450,1,good,0.68247,450,30,male,3,own,,,11054,36,car,good
451,1,good,0.8497013,451,29,female,2,own,little,,518,6,radio/TV,good
452,1,good,0.81624174,452,34,male,2,own,little,,2759,12,furniture/equipment,good
453,1,good,0.78461635,453,35,male,3,own,little,,2670,24,car,good
454,0,good,0.72576344,454,31,male,2,own,little,little,4817,24,car,bad
455,1,good,0.69754225,455,29,female,3,own,little,,2679,24,car,good
456,1,good,0.8638686,456,36,male,2,rent,little,little,3905,11,car,good
457,0,good,0.69278055,457,35,male,2,free,little,little,3386,12,car,bad
458,1,good,0.803523,458,27,female,2,own,little,little,343,6,domestic appliances,good
459,1,good,0.7849339,459,32,male,2,own,little,,4594,18,radio/TV,good
460,1,good,0.7830661,460,37,male,2,own,little,little,3620,36,furniture/equipment,good
461,1,good,0.8109199,461,36,male,2,own,little,little,1721,15,car,good
462,1,good,0.7247905,462,34,female,3,rent,little,moderate,3017,12,furniture/equipment,good
463,1,good,0.6899231,463,38,male,2,own,,moderate,754,12,education,good
464,1,good,0.76058656,464,34,male,2,own,little,,1950,18,business,good
465,1,good,0.85342336,465,63,male,2,own,little,little,2924,24,car,good
466,0,good,0.53668517,466,29,female,1,rent,little,little,1659,24,radio/TV,bad
467,1,good,0.7076296,467,32,male,2,own,,,7238,48,radio/TV,good
468,1,good,0.64347124,468,26,female,2,own,little,,2764,33,business,good
469,1,good,0.7437364,469,35,male,1,own,little,,4679,24,car,good
470,0,bad,0.45364463,470,22,male,2,rent,moderate,moderate,3092,24,radio/TV,bad
471,0,good,0.71420395,471,23,female,2,own,little,little,448,6,education,bad
472,0,bad,0.47933012,472,28,male,1,own,little,little,654,9,car,bad
473,1,good,0.8498766,473,36,male,3,own,,,1238,6,education,good
474,0,good,0.61473846,474,33,male,2,own,little,moderate,1245,18,radio/TV,bad
475,0,good,0.5730052,475,26,female,2,rent,little,little,3114,18,furniture/equipment,bad
476,1,good,0.6743339,476,24,male,2,own,quite rich,,2569,39,car,good
477,1,good,0.7241726,477,25,male,2,own,little,rich,5152,24,radio/TV,good
478,1,good,0.7890237,478,39,male,1,own,moderate,moderate,1037,12,business,good
479,1,good,0.8437197,479,44,male,2,own,little,little,1478,15,furniture/equipment,good
480,1,good,0.7902322,480,23,female,1,own,little,moderate,3573,12,radio/TV,good
481,1,good,0.5930766,481,26,male,2,own,little,moderate,1201,24,car,good
482,1,good,0.79322165,482,57,female,2,rent,rich,little,3622,30,furniture/equipment,good
483,1,good,0.77730733,483,30,female,2,own,rich,,960,15,furniture/equipment,good
484,1,good,0.7413469,484,44,male,2,own,quite rich,,1163,12,car,good
485,0,good,0.6574185,485,47,male,3,own,little,moderate,1209,6,car,bad
486,1,good,0.8902251,486,52,male,2,own,little,,3077,12,radio/TV,good
487,1,good,0.78018814,487,62,female,2,free,little,,3757,24,car,good
488,1,good,0.83521277,488,35,male,1,rent,moderate,,1418,10,car,good
489,1,good,0.7315787,489,26,male,2,rent,little,,3518,6,car,good
490,1,good,0.83098596,490,26,male,2,own,little,,1934,12,radio/TV,good
491,0,bad,0.37971693,491,42,female,3,free,little,moderate,8318,27,business,bad
492,1,good,0.89593387,492,27,female,2,own,moderate,,1237,6,radio/TV,good
493,1,good,0.88602406,493,38,male,2,own,,moderate,368,6,radio/TV,good
494,1,good,0.7970644,494,39,male,1,rent,little,little,2122,12,car,good
495,0,good,0.6747679,495,20,male,2,own,,little,2996,24,furniture/equipment,bad
496,0,bad,0.32018563,496,29,male,3,rent,moderate,moderate,9034,36,furniture/equipment,bad
497,1,good,0.7794445,497,40,male,2,own,little,,1585,24,furniture/equipment,good
498,1,good,0.66265655,498,32,male,1,own,little,moderate,1301,18,radio/TV,good
499,1,good,0.78333914,499,28,male,2,own,moderate,rich,1323,6,car,good
500,0,good,0.69754225,500,27,female,2,own,little,little,3123,24,car,bad
501,1,good,0.7102181,501,42,male,2,free,little,little,5493,36,car,good
502,1,good,0.9098603,502,49,male,2,own,moderate,rich,1126,9,radio/TV,good
503,0,good,0.6127052,503,38,male,2,own,moderate,moderate,1216,24,radio/TV,bad
504,0,bad,0.30336612,504,24,female,2,rent,little,little,1207,24,car,bad
505,0,good,0.60142404,505,27,male,1,own,,,1309,10,car,bad
506,1,good,0.83105856,506,36,male,2,own,quite rich,rich,2360,15,car,good
507,0,good,0.67579645,507,34,male,3,own,moderate,moderate,6850,15,car,bad
508,1,good,0.7742192,508,28,male,2,own,little,,1413,24,radio/TV,good
509,1,good,0.7757612,509,45,male,3,own,moderate,,8588,39,car,good
510,0,bad,0.44618234,510,26,male,2,own,little,little,759,12,car,bad
511,1,good,0.77267176,511,32,male,3,free,little,,4686,36,car,good
512,1,good,0.7274594,512,26,male,2,rent,little,rich,2687,15,business,good
513,1,good,0.60051554,513,20,male,2,rent,little,moderate,585,12,radio/TV,good
514,1,good,0.84322363,514,54,male,2,own,,,2255,24,car,good
515,1,good,0.86534536,515,37,female,2,own,little,little,609,6,car,good
516,1,good,0.90749276,516,40,male,1,own,little,little,1361,6,car,good
517,0,bad,0.43210945,517,23,female,2,rent,little,,7127,36,furniture/equipment,bad
518,1,good,0.8000415,518,43,male,2,own,moderate,little,1203,6,car,good
519,1,good,0.8123974,519,36,male,2,free,,,700,6,radio/TV,good
520,1,good,0.7197988,520,44,male,2,free,little,,5507,24,repairs,good
521,0,good,0.7810568,521,24,female,2,own,little,little,3190,18,radio/TV,bad
522,0,bad,0.331653,522,53,male,2,free,little,little,7119,48,furniture/equipment,bad
523,1,good,0.7285288,523,23,female,2,own,moderate,,3488,24,car,good
524,1,good,0.7821188,524,26,female,1,own,little,moderate,1113,18,radio/TV,good
525,1,good,0.68473446,525,30,male,2,own,little,moderate,7966,26,car,good
526,1,good,0.75273395,526,31,female,2,own,moderate,,1532,15,education,good
527,1,good,0.9265958,527,42,male,1,own,little,,1503,4,radio/TV,good
528,0,good,0.58779603,528,31,male,2,rent,little,little,2302,36,radio/TV,bad
529,1,good,0.8761384,529,41,male,1,own,little,little,662,6,car,good
530,1,good,0.73281986,530,32,male,2,own,little,moderate,2273,36,education,good
531,0,good,0.61850476,531,28,female,2,rent,moderate,moderate,2631,15,car,bad
532,1,good,0.798645,532,41,male,2,rent,little,,1503,12,car,good
533,1,good,0.7634109,533,26,male,2,own,moderate,,1311,24,radio/TV,good
534,1,good,0.75100744,534,25,male,2,own,,,3105,24,radio/TV,good
535,0,good,0.52658015,535,33,male,2,rent,little,rich,2319,21,education,bad
536,1,good,0.87729305,536,75,female,3,own,,little,1374,6,car,good
537,1,good,0.7521954,537,37,female,2,own,little,moderate,3612,18,furniture/equipment,good
538,0,bad,0.4868204,538,42,male,3,free,little,little,7763,48,car,bad
539,1,good,0.83683324,539,45,female,1,own,little,rich,3049,18,furniture/equipment,good
540,0,good,0.57685786,540,23,male,2,rent,little,moderate,1534,12,radio/TV,bad
541,1,good,0.70654315,541,60,male,2,free,little,,2032,24,car,good
542,0,good,0.71777695,542,31,male,2,own,,little,6350,30,furniture/equipment,bad
543,0,good,0.75474256,543,34,male,1,own,little,rich,2864,18,furniture/equipment,bad
544,1,good,0.8229757,544,61,male,1,own,little,,1255,12,car,good
545,0,bad,0.495726,545,43,male,2,free,little,little,1333,24,car,bad
546,1,good,0.73520666,546,37,female,2,own,little,,2022,24,car,good
547,1,good,0.78872204,547,32,male,2,own,little,,1552,24,radio/TV,good
548,0,good,0.65170896,548,24,female,1,own,little,little,626,12,radio/TV,bad
549,1,bad,0.4659746,549,35,male,2,free,,,8858,48,car,good
550,1,good,0.6672858,550,23,female,2,own,,,996,12,repairs,good
551,1,good,0.93128,551,45,male,1,own,quite rich,,1750,6,radio/TV,good
552,0,good,0.6166945,552,34,male,2,own,little,little,6999,48,radio/TV,bad
553,1,good,0.7840571,553,27,male,2,own,moderate,moderate,1995,12,car,good
554,1,good,0.7382811,554,67,female,3,own,little,moderate,1199,9,education,good
555,0,good,0.5676136,555,22,male,2,own,little,moderate,1331,12,radio/TV,bad
556,0,good,0.6293081,556,28,female,2,own,moderate,moderate,2278,18,car,bad
557,0,good,0.6067555,557,29,female,2,own,,,5003,21,car,bad
558,0,good,0.7514288,558,27,male,2,own,little,little,3552,24,furniture/equipment,bad
559,0,good,0.7387331,559,31,male,1,own,little,moderate,1928,18,furniture/equipment,bad
560,1,good,0.7484925,560,49,male,2,free,,little,2964,24,car,good
561,0,good,0.50238734,561,24,male,1,rent,little,little,1546,24,radio/TV,bad
562,1,good,0.8837131,562,29,female,2,own,little,rich,683,6,radio/TV,good
563,0,bad,0.4609613,563,37,male,2,free,,moderate,12389,36,car,bad
564,1,good,0.70157725,564,37,male,3,own,,moderate,4712,24,business,good
565,1,good,0.6019067,565,23,female,2,rent,moderate,moderate,1553,24,radio/TV,good
566,0,good,0.7359587,566,36,male,2,own,little,little,1372,12,car,bad
567,1,good,0.85315704,567,34,male,2,own,rich,,2578,24,radio/TV,good
568,1,good,0.6616857,568,41,male,2,own,,moderate,3979,48,radio/TV,good
569,0,good,0.53171515,569,31,female,2,own,little,little,6758,48,radio/TV,bad
570,0,good,0.5698571,570,23,female,1,rent,little,little,3234,24,furniture/equipment,bad
571,1,good,0.76237816,571,38,male,2,own,little,,5954,30,radio/TV,good
572,1,good,0.7560199,572,26,female,3,rent,,,5433,24,car,good
573,1,good,0.71723634,573,22,female,1,own,little,little,806,15,business,good
574,1,good,0.85355294,574,27,male,1,own,little,moderate,1082,9,radio/TV,good
575,1,good,0.7338882,575,24,female,2,own,little,,2788,15,furniture/equipment,good
576,1,good,0.8093082,576,27,female,2,own,little,moderate,2930,12,radio/TV,good
577,1,good,0.66813654,577,33,female,2,own,,,1927,24,education,good
578,0,good,0.6742646,578,27,male,2,own,little,moderate,2820,36,car,bad
579,1,good,0.6637331,579,27,male,1,own,little,,937,24,education,good
580,0,good,0.5641319,580,30,male,2,own,little,moderate,1056,18,car,bad
581,1,good,0.866158,581,49,male,1,own,little,moderate,3124,12,car,good
582,1,good,0.71657103,582,26,female,2,rent,little,,1388,9,furniture/equipment,good
583,0,good,0.526933,583,33,male,1,rent,little,moderate,2384,36,repairs,bad
584,1,good,0.7892133,584,52,female,3,free,,,2133,12,car,good
585,0,bad,0.44346252,585,20,female,2,rent,little,little,2039,18,furniture/equipment,bad
586,1,good,0.8514156,586,36,male,2,rent,little,little,2799,9,car,good
587,1,good,0.7102075,587,21,male,1,own,little,little,1289,12,furniture/equipment,good
588,0,good,0.59173936,588,47,male,1,own,little,little,1217,18,domestic appliances,bad
589,0,good,0.87726235,589,60,male,2,own,little,little,2246,12,furniture/equipment,bad
590,1,good,0.8519491,590,58,female,1,own,little,little,385,12,radio/TV,good
591,1,good,0.6199381,591,42,female,2,rent,,moderate,1965,24,car,good
592,1,good,0.8595257,592,36,female,1,own,rich,,1572,21,business,good
593,0,bad,0.4035238,593,20,female,1,rent,little,moderate,2718,24,car,bad
594,0,good,0.6503563,594,40,male,3,own,,little,1358,24,vacation/others,bad
595,0,good,0.76455843,595,32,female,1,own,moderate,moderate,931,6,car,bad
596,0,bad,0.44222698,596,23,female,2,rent,little,little,1442,24,car,bad
597,0,good,0.65803045,597,36,male,1,own,little,moderate,4241,24,business,bad
598,0,good,0.72571397,598,31,male,2,own,little,,2775,18,car,bad
599,1,good,0.66857094,599,32,male,2,free,little,,3863,24,business,good
600,1,good,0.92124397,600,45,female,2,own,little,moderate,2329,7,radio/TV,good
601,0,good,0.6945882,601,30,female,2,own,little,moderate,918,9,furniture/equipment,bad
602,0,bad,0.48099628,602,34,female,1,free,little,moderate,1837,24,education,bad
603,0,good,0.61070055,603,28,female,3,own,little,,3349,36,furniture/equipment,bad
604,1,good,0.71711236,604,23,female,2,own,little,rich,1275,10,furniture/equipment,good
605,1,good,0.6954508,605,22,male,2,own,quite rich,little,2828,24,furniture/equipment,good
606,1,good,0.6632118,606,74,male,3,own,little,,4526,24,business,good
607,0,bad,0.4726588,607,50,female,2,free,moderate,moderate,2671,36,radio/TV,bad
608,1,good,0.78872204,608,33,male,2,own,little,,2051,18,radio/TV,good
609,1,good,0.6429309,609,45,male,2,free,,,1300,15,car,good
610,0,good,0.5614624,610,22,female,2,own,moderate,little,741,12,domestic appliances,bad
611,0,good,0.5796757,611,48,female,1,free,moderate,rich,1240,10,car,bad
612,1,good,0.84758765,612,29,female,2,own,rich,little,3357,21,radio/TV,good
613,1,good,0.6495414,613,22,female,2,rent,little,little,3632,24,car,good
614,0,good,0.5900543,614,22,female,2,own,little,,1808,18,furniture/equipment,bad
615,1,good,0.5772658,615,48,male,3,own,,moderate,12204,48,business,good
616,1,good,0.71125376,616,27,male,3,free,,moderate,9157,60,radio/TV,good
617,1,good,0.8361571,617,37,male,2,rent,little,little,3676,6,car,good
618,0,good,0.50304633,618,21,female,2,rent,moderate,moderate,3441,30,furniture/equipment,bad
619,1,good,0.76093495,619,49,male,1,own,little,,640,12,car,good
620,1,good,0.75858986,620,27,male,2,own,little,moderate,3652,21,business,good
621,0,good,0.7470798,621,32,male,2,own,little,,1530,18,car,bad
622,0,bad,0.4744197,622,38,male,2,own,,,3914,48,business,bad
623,1,good,0.62041485,623,22,female,2,rent,little,little,1858,12,furniture/equipment,good
624,0,good,0.7346721,624,65,male,2,free,little,little,2600,18,radio/TV,bad
625,1,good,0.83921427,625,35,male,2,own,,,1979,15,radio/TV,good
626,1,good,0.9150726,626,41,male,2,own,little,rich,2116,6,furniture/equipment,good
627,0,good,0.6055218,627,29,male,2,own,moderate,moderate,1437,9,car,bad
628,1,good,0.7969144,628,36,male,2,own,quite rich,,4042,42,furniture/equipment,good
629,1,good,0.90927124,629,64,male,1,own,,,3832,9,education,good
630,1,good,0.78834033,630,28,female,2,own,little,little,3660,24,radio/TV,good
631,0,good,0.8056921,631,44,male,2,own,little,little,1553,18,furniture/equipment,bad
632,1,good,0.6677167,632,23,male,2,own,,moderate,1444,15,radio/TV,good
633,0,good,0.59613335,633,19,female,2,rent,little,,1980,9,furniture/equipment,bad
634,0,bad,0.4379286,634,25,female,1,own,little,moderate,1355,24,car,bad
635,1,good,0.8359114,635,47,male,2,own,little,,1393,12,education,good
636,1,good,0.7676988,636,28,female,2,own,quite rich,,1376,24,radio/TV,good
637,1,good,0.62296873,637,21,male,2,own,little,,15653,60,radio/TV,good
638,1,good,0.8256861,638,34,female,2,own,little,,1493,12,radio/TV,good
639,0,bad,0.43709025,639,26,male,2,own,little,little,4370,42,radio/TV,bad
640,0,good,0.510294,640,27,female,0,own,little,little,750,18,education,bad
641,1,good,0.7776237,641,38,male,1,own,little,moderate,1308,15,repairs,good
642,0,good,0.64709526,642,40,male,3,own,moderate,,4623,15,education,bad
643,1,good,0.78872204,643,33,male,2,own,little,,1851,24,radio/TV,good
644,1,good,0.79281396,644,32,male,3,own,little,little,1880,18,radio/TV,good
645,0,bad,0.3319641,645,27,male,2,rent,,,7980,36,business,bad
646,1,good,0.7446076,646,32,male,2,own,little,little,4583,30,furniture/equipment,good
647,0,good,0.5993587,647,26,female,2,own,quite rich,,1386,12,car,bad
648,0,bad,0.43883333,648,38,male,2,free,little,rich,947,24,car,bad
649,0,good,0.72832775,649,40,male,1,rent,little,little,684,12,education,bad
650,1,bad,0.45235214,650,50,male,3,free,little,little,7476,48,education,good
651,0,good,0.83104944,651,37,male,1,own,little,moderate,1922,12,furniture/equipment,bad
652,0,good,0.82805103,652,45,male,2,own,little,little,2303,24,car,bad
653,0,good,0.61020607,653,42,male,3,own,moderate,moderate,8086,36,car,bad
654,1,good,0.7733153,654,35,male,2,own,little,,2346,24,car,good
655,1,good,0.69563913,655,22,male,2,free,little,little,3973,14,car,good
656,0,good,0.69584787,656,41,male,1,own,little,moderate,888,12,car,bad
657,1,good,0.74514025,657,37,male,2,own,,,10222,48,radio/TV,good
658,1,good,0.54072154,658,28,female,2,own,little,moderate,4221,30,business,good
659,1,good,0.7765546,659,41,male,2,own,little,moderate,6361,18,furniture/equipment,good
660,1,good,0.6048253,660,23,male,2,rent,little,rich,1297,12,radio/TV,good
661,0,bad,0.48866248,661,23,male,2,own,,little,900,12,car,bad
662,1,good,0.84377307,662,50,male,2,own,little,,2241,21,furniture/equipment,good
663,1,good,0.71603686,663,35,male,3,own,little,moderate,1050,6,furniture/equipment,good
664,1,good,0.8915844,664,50,female,1,own,little,rich,1047,6,education,good
665,1,good,0.7301296,665,27,male,3,own,little,,6314,24,vacation/others,good
666,1,good,0.81371546,666,34,male,2,own,rich,moderate,3496,30,furniture/equipment,good
667,1,good,0.67765856,667,27,female,2,own,little,,3609,48,business,good
668,0,good,0.79708594,668,43,male,2,rent,little,little,4843,12,car,bad
669,1,good,0.8439916,669,47,male,2,own,little,rich,3017,30,radio/TV,good
670,1,good,0.78228325,670,27,male,1,own,moderate,,4139,24,business,good
671,1,good,0.7699442,671,31,male,2,own,moderate,,5742,36,business,good
672,1,good,0.6388327,672,42,male,3,own,little,,10366,60,car,good
673,1,good,0.8539974,673,24,male,2,own,quite rich,,2080,6,car,good
674,0,good,0.7497065,674,41,male,1,own,quite rich,,2580,21,business,bad
675,1,good,0.76649183,675,26,female,3,rent,little,,4530,30,radio/TV,good
676,1,good,0.7617755,676,33,male,2,own,little,,5150,24,furniture/equipment,good
677,0,good,0.5433312,677,24,male,2,own,moderate,moderate,5595,72,radio/TV,bad
678,1,good,0.70479906,678,64,male,1,rent,little,little,2384,24,radio/TV,good
679,1,good,0.751691,679,26,female,2,own,little,,1453,18,radio/TV,good
680,1,good,0.9255705,680,56,female,2,own,little,,1538,6,education,good
681,1,good,0.79315615,681,37,male,2,free,,,2279,12,radio/TV,good
682,1,good,0.83007044,682,33,male,2,own,little,,1478,15,radio/TV,good
683,1,good,0.7313208,683,47,male,2,free,little,,5103,24,radio/TV,good
684,1,good,0.6349803,684,31,male,1,own,moderate,moderate,9857,36,business,good
685,1,bad,0.49462053,685,34,male,2,free,,,6527,60,car,good
686,1,good,0.79690266,686,27,male,2,own,,rich,1347,10,radio/TV,good
687,1,good,0.56903887,687,30,male,2,free,moderate,moderate,2862,36,car,good
688,1,good,0.8929837,688,35,male,2,own,moderate,,2753,9,radio/TV,good
689,1,good,0.8008431,689,31,male,2,own,rich,little,3651,12,car,good
690,1,good,0.69200814,690,25,male,2,own,little,little,975,15,furniture/equipment,good
691,1,good,0.7198652,691,25,female,1,own,moderate,moderate,2631,15,repairs,good
692,1,good,0.73712564,692,29,male,2,own,moderate,moderate,2896,24,radio/TV,good
693,1,good,0.8154991,693,44,male,1,own,,little,4716,6,car,good
694,1,good,0.7651597,694,28,male,2,own,little,,2284,24,radio/TV,good
695,1,good,0.9099501,695,50,male,2,rent,quite rich,,1236,6,car,good
696,1,good,0.7899084,696,29,male,2,own,little,moderate,1103,12,radio/TV,good
697,1,good,0.69745743,697,38,female,0,own,little,,926,12,car,good
698,1,good,0.75011414,698,24,male,2,own,little,,1800,18,radio/TV,good
699,1,good,0.8003989,699,40,male,3,rent,little,rich,1905,15,education,good
700,0,good,0.5896503,700,29,female,1,rent,quite rich,,1123,12,furniture/equipment,bad
701,0,bad,0.3609239,701,46,male,2,free,little,little,6331,48,car,bad
702,1,good,0.6760584,702,47,female,2,free,moderate,rich,1377,24,radio/TV,good
703,1,good,0.74751097,703,41,male,2,own,moderate,moderate,2503,30,business,good
704,1,good,0.7127231,704,32,female,2,own,little,moderate,2528,27,business,good
705,1,good,0.7570452,705,35,female,2,free,quite rich,,5324,15,car,good
706,0,bad,0.48307577,706,24,male,2,own,moderate,moderate,6560,48,car,bad
707,0,good,0.5830713,707,25,female,2,rent,little,moderate,2969,12,furniture/equipment,bad
708,1,good,0.6842644,708,25,female,2,own,little,moderate,1206,9,radio/TV,good
709,1,good,0.8869712,709,37,male,1,own,little,moderate,2118,9,radio/TV,good
710,1,good,0.76418704,710,32,male,3,own,quite rich,,629,18,radio/TV,good
711,0,good,0.5885191,711,35,female,2,free,little,little,1198,6,education,bad
712,1,good,0.83154386,712,46,male,3,own,,,2476,21,car,good
713,1,good,0.7549687,713,25,male,1,own,little,little,1138,9,radio/TV,good
714,0,bad,0.45465457,714,27,male,3,own,little,moderate,14027,60,car,bad
715,1,good,0.7139902,715,63,male,2,own,,,7596,30,car,good
716,1,good,0.8407569,716,40,male,2,own,,,3077,30,radio/TV,good
717,1,good,0.77007633,717,32,male,3,free,little,,1505,18,radio/TV,good
718,1,good,0.7596504,718,31,male,2,own,,rich,3148,24,radio/TV,good
719,1,good,0.77957535,719,31,male,2,own,moderate,moderate,6148,20,car,good
720,0,good,0.7433131,720,34,male,3,own,little,rich,1337,9,radio/TV,bad
721,0,good,0.6772606,721,24,female,2,rent,rich,moderate,433,6,education,bad
722,0,bad,0.49060446,722,24,female,1,own,little,little,1228,12,car,bad
723,1,good,0.9063639,723,66,female,1,own,quite rich,moderate,790,9,radio/TV,good
724,0,bad,0.37824163,724,21,female,2,rent,little,,2570,27,car,bad
725,1,good,0.8584716,725,41,female,1,own,rich,,250,6,car,good
726,1,good,0.85593307,726,47,male,1,own,quite rich,,1316,15,radio/TV,good
727,0,good,0.56844556,727,25,female,2,rent,little,little,1882,18,radio/TV,bad
728,0,bad,0.29494816,728,59,female,2,rent,little,moderate,6416,48,business,bad
729,1,good,0.7785582,729,36,male,2,own,rich,rich,1275,24,business,good
730,1,good,0.74311084,730,33,male,2,own,little,moderate,6403,24,radio/TV,good
731,0,bad,0.45055637,731,21,male,1,rent,little,little,1987,24,radio/TV,bad
732,1,good,0.8885406,732,44,female,1,own,little,moderate,760,8,radio/TV,good
733,1,good,0.6968974,733,28,female,2,rent,rich,,2603,24,car,good
734,1,good,0.91040856,734,37,female,2,own,little,,3380,4,car,good
735,1,good,0.6278692,735,29,female,0,own,,moderate,3990,36,domestic appliances,good
736,0,bad,0.2898416,736,23,female,3,rent,little,moderate,11560,24,car,bad
737,1,good,0.7566293,737,35,male,1,own,moderate,little,4380,18,car,good
738,1,good,0.62281334,738,45,male,3,own,little,,6761,6,car,good
739,0,bad,0.47906464,739,26,female,1,rent,moderate,moderate,4280,30,business,bad
740,1,good,0.77289385,740,32,male,2,own,moderate,little,2325,24,car,good
741,1,good,0.77883106,741,23,male,1,own,little,moderate,1048,10,radio/TV,good
742,1,good,0.8255498,742,41,male,2,own,,,3160,21,radio/TV,good
743,1,good,0.6939124,743,22,male,2,own,quite rich,little,2483,24,furniture/equipment,good
744,1,good,0.69443583,744,30,male,3,own,,little,14179,39,furniture/equipment,good
745,1,good,0.8059641,745,28,male,1,own,little,little,1797,13,business,good
746,1,good,0.67443717,746,23,female,2,rent,little,little,2511,15,car,good
747,0,good,0.7114451,747,37,female,1,own,little,little,1274,12,car,bad
748,1,good,0.68923396,748,26,male,2,own,,,5248,21,car,good
749,1,good,0.77521163,749,33,male,2,own,little,,3029,15,car,good
750,1,good,0.86997455,750,49,female,2,own,little,little,428,6,furniture/equipment,good
751,0,bad,0.4636143,751,23,female,1,own,little,little,976,18,car,bad
752,1,good,0.68843246,752,23,female,1,rent,moderate,moderate,841,12,business,good
753,1,good,0.6776091,753,25,female,2,own,little,,5771,30,radio/TV,good
754,0,good,0.7219748,754,55,male,2,free,rich,,1555,12,repairs,bad
755,0,bad,0.34308633,755,32,female,2,rent,,little,1285,24,car,bad
756,1,good,0.9257932,756,74,male,0,own,little,rich,1299,6,car,good
757,0,good,0.57006246,757,39,male,2,free,,rich,1271,15,radio/TV,bad
758,1,good,0.73069453,758,31,male,2,own,little,,1393,24,car,good
759,0,good,0.6259573,759,35,male,2,own,little,little,691,12,car,bad
760,1,good,0.7874637,760,59,female,2,own,,,5045,15,car,good
761,0,bad,0.47321433,761,24,female,2,rent,little,little,2124,18,furniture/equipment,bad
762,1,good,0.7479725,762,24,male,1,own,little,little,2214,12,radio/TV,good
763,0,bad,0.34267002,763,30,male,3,free,,,12680,21,car,bad
764,1,good,0.74044776,764,27,male,2,own,moderate,,2463,24,car,good
765,1,good,0.831814,765,40,male,1,own,little,moderate,1155,12,radio/TV,good
766,0,good,0.6906167,766,31,male,1,own,little,little,3108,30,furniture/equipment,bad
767,1,good,0.70586216,767,31,female,2,rent,,,2901,10,car,good
768,1,good,0.7775833,768,28,male,2,rent,little,moderate,3617,12,furniture/equipment,good
769,1,good,0.88795334,769,63,male,1,own,little,,1655,12,radio/TV,good
770,1,good,0.57112485,770,26,female,2,rent,,little,2812,24,car,good
771,0,bad,0.33107,771,25,female,3,own,little,little,8065,36,education,bad
772,1,good,0.7995726,772,36,male,3,own,little,,3275,21,car,good
773,1,good,0.882266,773,52,male,2,own,moderate,,2223,24,radio/TV,good
774,1,good,0.8221306,774,66,male,0,free,quite rich,rich,1480,12,car,good
775,0,bad,0.31594393,775,25,female,2,rent,,little,1371,24,car,bad
776,1,good,0.7827834,776,37,male,2,own,little,,3535,36,car,good
777,1,good,0.79429775,777,25,female,2,own,little,little,3509,18,radio/TV,good
778,1,good,0.81142974,778,38,male,3,own,rich,,5711,36,car,good
779,1,good,0.82649463,779,67,female,2,own,little,moderate,3872,18,repairs,good
780,0,bad,0.43141448,780,25,male,2,own,little,moderate,4933,39,radio/TV,bad
781,1,good,0.84460205,781,60,male,2,own,rich,,1940,24,car,good
782,1,good,0.7917019,782,31,male,1,own,little,moderate,1410,12,education,good
783,0,bad,0.4299466,783,23,female,1,own,moderate,moderate,836,12,car,bad
784,1,good,0.7516813,784,60,male,3,own,,moderate,6468,20,car,good
785,1,good,0.8227561,785,35,male,1,own,rich,moderate,1941,18,business,good
786,1,good,0.8484951,786,40,male,2,own,quite rich,,2675,22,radio/TV,good
787,1,good,0.63028836,787,38,male,2,own,,,2751,48,car,good
788,0,bad,0.32066122,788,50,male,2,free,little,moderate,6224,48,education,bad
789,0,bad,0.41502497,789,27,male,2,own,little,little,5998,40,education,bad
790,0,good,0.5556263,790,39,female,2,own,little,moderate,1188,21,business,bad
791,1,good,0.7856786,791,41,male,3,own,,,6313,24,car,good
792,1,good,0.87085015,792,27,male,2,own,,,1221,6,furniture/equipment,good
793,1,good,0.76123786,793,51,male,2,free,little,rich,2892,24,furniture/equipment,good
794,1,good,0.644711,794,32,male,2,rent,quite rich,,3062,24,furniture/equipment,good
795,1,good,0.6246726,795,22,female,2,rent,moderate,,2301,9,furniture/equipment,good
796,0,good,0.62384576,796,51,male,2,free,,little,7511,18,car,bad
797,1,good,0.63314366,797,22,female,1,rent,little,,1258,12,furniture/equipment,good
798,1,good,0.7509272,798,54,male,2,own,,,717,24,car,good
799,1,good,0.8625811,799,35,male,0,own,,moderate,1549,9,car,good
800,1,good,0.700673,800,54,male,2,free,little,,1597,24,education,good
801,1,good,0.7516123,801,48,female,1,rent,little,moderate,1795,18,radio/TV,good
802,1,good,0.65622324,802,24,female,2,own,little,little,4272,20,furniture/equipment,good
803,1,good,0.82497823,803,35,male,2,own,,,976,12,radio/TV,good
804,1,good,0.65484524,804,24,female,0,rent,,moderate,7472,12,car,good
805,0,bad,0.36114675,805,24,male,2,own,little,little,9271,36,car,bad
806,1,good,0.88869774,806,26,male,1,own,little,moderate,590,6,radio/TV,good
807,1,good,0.86332804,807,65,male,2,own,,,930,12,radio/TV,good
808,1,good,0.63705426,808,55,male,3,free,little,moderate,9283,42,car,good
809,0,good,0.52094096,809,26,female,0,rent,little,moderate,1778,15,car,bad
810,1,good,0.74474835,810,26,male,2,own,little,moderate,907,8,business,good
811,1,good,0.8654069,811,28,male,1,own,little,moderate,484,6,radio/TV,good
812,0,bad,0.36114675,812,24,male,2,own,little,little,9629,36,car,bad
813,0,good,0.59269303,813,54,male,2,own,little,little,3051,48,domestic appliances,bad
814,0,bad,0.3714705,814,46,male,2,free,little,little,3931,48,car,bad
815,1,good,0.59502804,815,54,female,2,rent,little,moderate,7432,36,car,good
816,1,good,0.9311082,816,62,male,2,own,quite rich,,1338,6,domestic appliances,good
817,1,good,0.7805199,817,24,female,2,rent,little,,1554,6,radio/TV,good
818,1,good,0.67983794,818,43,male,3,own,little,little,15857,36,vacation/others,good
819,0,good,0.73808444,819,26,male,2,own,little,little,1345,18,radio/TV,bad
820,1,good,0.5386269,820,27,male,2,own,little,,1101,12,car,good
821,1,good,0.7372147,821,24,male,2,own,little,rich,3016,12,radio/TV,good
822,0,good,0.71515936,822,41,male,2,own,little,little,2712,36,furniture/equipment,bad
823,1,good,0.8019459,823,47,male,1,own,little,little,731,8,car,good
824,1,good,0.7848973,824,35,male,3,own,little,,3780,18,furniture/equipment,good
825,1,good,0.73069453,825,30,male,2,own,little,little,1602,21,car,good
826,0,good,0.6581393,826,33,female,2,rent,little,little,3966,18,car,bad
827,0,good,0.69066155,827,36,male,2,own,little,,4165,18,business,bad
828,0,good,0.6376787,828,47,male,2,free,,little,8335,36,car,bad
829,1,bad,0.3394214,829,38,male,2,free,,moderate,6681,48,business,good
830,1,good,0.82320696,830,44,male,2,own,quite rich,,2375,24,business,good
831,0,bad,0.36074615,831,23,female,2,rent,little,little,1216,18,car,bad
832,0,bad,0.29944384,832,29,male,2,rent,little,little,11816,45,business,bad
833,1,good,0.7507894,833,42,female,2,own,,moderate,5084,24,radio/TV,good
834,0,good,0.7200117,834,25,female,1,own,little,rich,2327,15,radio/TV,bad
835,0,good,0.7009247,835,48,male,2,own,little,little,1082,12,car,bad
836,1,good,0.7109675,836,21,female,2,own,,,886,12,radio/TV,good
837,1,good,0.7360538,837,23,female,1,rent,little,,601,4,furniture/equipment,good
838,1,good,0.85342336,838,63,male,2,own,little,little,2957,24,car,good
839,1,good,0.86440784,839,46,male,2,own,little,,2611,24,radio/TV,good
840,0,bad,0.48985332,840,29,male,2,own,little,little,5179,36,furniture/equipment,bad
841,1,good,0.7212509,841,28,male,1,own,little,,2993,21,car,good
842,0,good,0.61870736,842,23,female,2,own,little,,1943,18,repairs,bad
843,1,good,0.8395642,843,50,male,2,own,little,,1559,24,business,good
844,1,good,0.82700324,844,47,male,2,own,little,,3422,18,furniture/equipment,good
845,1,good,0.76709396,845,35,male,2,own,,moderate,3976,21,furniture/equipment,good
846,0,good,0.66796803,846,68,male,2,rent,,,6761,18,car,bad
847,1,good,0.63054854,847,28,male,2,own,little,,1249,24,car,good
848,1,good,0.9132314,848,59,male,2,own,little,little,1364,9,radio/TV,good
849,0,good,0.8611798,849,57,male,1,own,little,little,709,12,radio/TV,bad
850,0,good,0.51317453,850,33,male,2,rent,little,little,2235,20,car,bad
851,1,good,0.76827997,851,43,male,2,own,,,4042,24,car,good
852,1,good,0.7404282,852,35,male,2,free,little,,1471,15,radio/TV,good
853,0,good,0.5572386,853,32,male,1,free,little,little,1442,18,car,bad
854,1,good,0.7258959,854,45,male,2,own,little,,10875,36,car,good
855,1,good,0.7657303,855,33,male,2,own,moderate,,1474,24,car,good
856,1,good,0.8173005,856,40,female,2,own,,,894,10,education,good
857,1,good,0.72764605,857,28,male,2,free,little,,3343,15,furniture/equipment,good
858,0,good,0.6157196,858,29,female,2,own,little,little,3959,15,car,bad
859,1,good,0.76835704,859,26,male,2,rent,moderate,,3577,9,car,good
860,1,good,0.74180675,860,27,male,2,own,rich,,5804,24,car,good
861,0,good,0.7075036,861,28,male,2,own,little,,2169,18,business,bad
862,0,good,0.7802504,862,35,female,2,own,little,little,2439,24,radio/TV,bad
863,1,good,0.80891675,863,32,male,1,own,rich,,4526,27,furniture/equipment,good
864,0,good,0.6574688,864,25,male,1,rent,little,,2210,10,furniture/equipment,bad
865,1,good,0.63225085,865,20,female,2,rent,quite rich,,2221,15,furniture/equipment,good
866,1,good,0.7722512,866,27,female,2,own,little,little,2389,18,radio/TV,good
867,1,good,0.81609285,867,42,male,2,own,little,,3331,12,furniture/equipment,good
868,1,good,0.7613217,868,37,male,2,own,,,7409,36,business,good
869,1,good,0.6378209,869,24,female,2,rent,little,little,652,12,furniture/equipment,good
870,1,good,0.7699523,870,40,female,2,own,quite rich,,7678,36,furniture/equipment,good
871,1,good,0.9037029,871,46,male,2,own,little,rich,1343,6,car,good
872,1,good,0.7662408,872,26,male,2,own,moderate,little,1382,24,business,good
873,1,good,0.6675636,873,24,female,2,own,,,874,15,domestic appliances,good
874,1,good,0.81795365,874,29,male,1,own,little,little,3590,12,furniture/equipment,good
875,1,good,0.8268177,875,40,female,2,own,rich,moderate,1322,11,car,good
876,1,good,0.8023631,876,36,male,3,free,little,little,1940,18,radio/TV,good
877,1,good,0.7732488,877,28,male,2,own,little,,3595,36,radio/TV,good
878,0,good,0.61219966,878,27,male,3,free,little,little,1422,9,car,bad
879,1,good,0.7588519,879,36,male,2,own,,,6742,30,radio/TV,good
880,1,good,0.7849725,880,38,male,3,own,little,,7814,24,car,good
881,1,bad,0.4894127,881,48,male,2,free,,,9277,24,car,good
882,1,good,0.7805863,882,36,male,2,own,,moderate,2181,30,car,good
883,1,good,0.75516593,883,65,female,0,own,little,,1098,18,radio/TV,good
884,0,good,0.7670977,884,43,male,2,own,little,moderate,4057,24,furniture/equipment,bad
885,0,good,0.78033984,885,53,female,2,own,little,little,795,12,education,bad
886,1,good,0.7739149,886,34,male,2,own,,moderate,2825,24,business,good
887,0,bad,0.3331526,887,23,male,2,own,little,moderate,15672,48,business,bad
888,1,good,0.7725362,888,34,male,3,own,little,,6614,36,car,good
889,1,good,0.70008636,889,40,male,2,rent,,,7824,28,car,good
890,1,good,0.7716487,890,43,male,3,own,little,little,2442,27,business,good
891,1,good,0.8829744,891,46,male,2,own,little,,1829,15,radio/TV,good
892,1,good,0.8109199,892,38,male,1,own,little,little,2171,12,car,good
893,1,good,0.74287474,893,34,male,2,own,little,moderate,5800,36,car,good
894,1,good,0.7717154,894,29,male,2,own,,,1169,18,radio/TV,good
895,1,good,0.682008,895,31,male,3,own,,,8947,36,car,good
896,1,good,0.75461346,896,28,female,3,rent,little,little,2606,21,radio/TV,good
897,1,good,0.83546644,897,35,female,2,own,rich,,1592,12,furniture/equipment,good
898,1,good,0.73667526,898,33,female,1,rent,,,2186,15,furniture/equipment,good
899,0,good,0.7655629,899,42,male,2,own,little,little,4153,18,furniture/equipment,bad
900,0,good,0.6247781,900,43,male,2,rent,little,little,2625,16,car,bad
901,1,good,0.82174516,901,44,male,2,own,,,3485,20,car,good
902,1,good,0.6513757,902,42,male,2,free,,,10477,36,car,good
903,1,good,0.8391127,903,40,male,2,rent,,,1386,15,radio/TV,good
904,1,good,0.7139875,904,36,male,3,own,little,,1278,24,radio/TV,good
905,1,good,0.70279866,905,20,male,3,rent,little,little,1107,12,radio/TV,good
906,1,good,0.7500798,906,24,male,1,own,,little,3763,21,car,good
907,1,good,0.71284735,907,27,male,2,own,,moderate,3711,36,education,good
908,1,good,0.8472946,908,46,female,1,own,little,,3594,15,car,good
909,1,good,0.77994347,909,33,female,1,own,,moderate,3195,9,car,good
910,1,good,0.74653554,910,34,female,2,own,little,,4454,36,radio/TV,good
911,0,good,0.52854174,911,25,female,1,own,little,moderate,4736,24,furniture/equipment,bad
912,1,good,0.7140807,912,25,female,2,own,,moderate,2991,30,radio/TV,good
913,1,good,0.83859164,913,28,male,2,own,rich,,2142,11,business,good
914,0,good,0.5594726,914,31,male,2,rent,little,little,3161,24,business,bad
915,0,good,0.5096525,915,32,female,3,own,little,moderate,18424,48,vacation/others,bad
916,1,good,0.7993185,916,32,male,2,own,moderate,,2848,10,car,good
917,0,bad,0.45259845,917,68,male,3,own,little,little,14896,6,car,bad
918,0,good,0.7813941,918,33,male,2,own,moderate,little,2359,24,furniture/equipment,bad
919,0,good,0.6967264,919,39,male,3,rent,little,little,3345,24,furniture/equipment,bad
920,1,good,0.6549621,920,28,female,2,own,little,,1817,18,furniture/equipment,good
921,1,good,0.7664969,921,37,male,3,own,quite rich,,12749,48,radio/TV,good
922,0,good,0.5359606,922,22,female,2,rent,little,little,1366,9,radio/TV,bad
923,1,good,0.73494613,923,30,male,2,rent,little,moderate,2002,12,car,good
924,0,good,0.70474046,924,55,male,2,own,little,little,6872,24,furniture/equipment,bad
925,0,good,0.6976858,925,46,male,2,own,little,little,697,12,car,bad
926,1,bad,0.45421413,926,21,female,2,rent,little,little,1049,18,furniture/equipment,good
927,0,bad,0.3989163,927,39,male,2,free,little,little,10297,48,car,bad
928,1,good,0.8534733,928,58,male,2,own,,,1867,30,radio/TV,good
929,1,good,0.76309335,929,43,male,1,own,little,little,1344,12,car,good
930,1,good,0.7190035,930,24,male,1,own,little,little,1747,24,furniture/equipment,good
931,0,good,0.57143945,931,22,female,2,own,little,moderate,1670,9,radio/TV,bad
932,1,good,0.666944,932,30,male,2,own,little,,1224,9,car,good
933,1,good,0.81429094,933,42,male,2,own,quite rich,,522,12,radio/TV,good
934,1,good,0.7447366,934,23,female,2,own,little,little,1498,12,radio/TV,good
935,0,good,0.64495903,935,30,male,3,own,moderate,moderate,1919,30,radio/TV,bad
936,0,good,0.75929767,936,28,female,1,own,little,rich,745,9,radio/TV,bad
937,1,good,0.84964585,937,30,male,3,rent,little,moderate,2063,6,radio/TV,good
938,0,bad,0.39635321,938,42,male,2,free,little,moderate,6288,60,education,bad
939,1,good,0.76989716,939,46,male,3,own,,,6842,24,car,good
940,1,good,0.8211163,940,45,male,3,own,,,3527,12,car,good
941,1,good,0.7730905,941,31,male,1,own,little,,1546,10,car,good
942,1,good,0.6761784,942,31,male,2,own,,,929,24,furniture/equipment,good
943,1,good,0.9115185,943,42,male,1,own,little,,1455,4,car,good
944,1,good,0.82409096,944,46,female,2,rent,little,little,1845,15,furniture/equipment,good
945,1,good,0.6265501,945,30,female,2,own,quite rich,moderate,8358,48,car,good
946,0,good,0.6022986,946,30,male,2,free,quite rich,little,3349,24,furniture/equipment,bad
947,1,good,0.79619205,947,38,male,3,own,,,2859,12,car,good
948,0,good,0.7840006,948,43,male,1,own,little,,1533,18,furniture/equipment,bad
949,0,good,0.7914921,949,31,male,2,own,moderate,,3621,24,radio/TV,bad
950,1,good,0.7784703,950,40,male,0,own,little,moderate,3590,18,business,good
951,0,good,0.5599869,951,24,male,2,own,little,little,2145,36,business,bad
952,0,good,0.58785284,952,28,female,2,rent,quite rich,moderate,4113,24,car,bad
953,0,bad,0.33563524,953,26,female,3,own,little,,10974,36,furniture/equipment,bad
954,1,good,0.7497098,954,29,female,2,own,little,little,1893,12,car,good
955,1,good,0.77369964,955,57,female,3,rent,rich,little,1231,24,radio/TV,good
956,1,good,0.84231436,956,49,male,1,own,,rich,3656,30,radio/TV,good
957,1,good,0.8907335,957,37,male,1,own,little,moderate,1154,9,radio/TV,good
958,0,good,0.69154245,958,45,male,1,own,little,little,4006,28,car,bad
959,1,good,0.6173828,959,30,male,2,free,moderate,moderate,3069,24,furniture/equipment,good
960,1,good,0.8722756,960,30,male,2,rent,little,,1740,6,radio/TV,good
961,1,good,0.827105,961,47,male,2,own,little,moderate,2353,21,car,good
962,1,good,0.74387854,962,29,male,2,own,,,3556,15,car,good
963,0,good,0.8195708,963,35,male,2,own,quite rich,,2397,24,radio/TV,bad
964,1,good,0.7502662,964,22,male,1,own,little,moderate,454,6,repairs,good
965,1,good,0.7336373,965,26,female,2,own,,moderate,1715,30,radio/TV,good
966,0,good,0.570319,966,23,male,1,own,quite rich,moderate,2520,27,radio/TV,bad
967,1,good,0.832759,967,54,female,3,rent,little,,3568,15,radio/TV,good
968,1,good,0.5503005,968,29,male,2,rent,,,7166,42,radio/TV,good
969,1,good,0.864887,969,40,male,1,own,little,little,3939,11,car,good
970,1,good,0.65171075,970,22,male,2,own,moderate,moderate,1514,15,repairs,good
971,1,good,0.76333594,971,43,male,1,own,little,,7393,24,car,good
972,0,bad,0.32810605,972,29,female,0,rent,little,little,1193,24,car,bad
973,0,bad,0.3412077,973,36,male,2,rent,little,little,7297,60,business,bad
974,1,good,0.78534997,974,33,female,2,own,little,,2831,30,radio/TV,good
975,1,good,0.7913996,975,57,female,1,own,quite rich,rich,1258,24,radio/TV,good
976,1,good,0.915352,976,64,female,2,own,little,moderate,753,6,radio/TV,good
977,1,good,0.7632556,977,42,male,2,own,,moderate,2427,18,business,good
978,0,good,0.8082616,978,47,male,1,own,little,,2538,24,car,bad
979,0,bad,0.32540825,979,25,male,2,rent,moderate,moderate,1264,15,car,bad
980,0,bad,0.46660164,980,49,male,2,own,little,moderate,8386,30,furniture/equipment,bad
981,0,bad,0.4674564,981,33,male,3,rent,little,,4844,48,business,bad
982,1,good,0.74237955,982,28,female,3,own,moderate,rich,2923,21,car,good
983,0,bad,0.36313093,983,26,male,2,own,little,little,8229,36,car,bad
984,1,good,0.7147319,984,30,male,1,own,little,,2028,24,furniture/equipment,good
985,1,good,0.63529307,985,25,female,2,rent,little,little,1433,15,furniture/equipment,good
986,1,good,0.756102,986,33,male,2,own,little,rich,6289,42,business,good
987,1,good,0.88744015,987,64,female,2,own,moderate,,1409,13,radio/TV,good
988,1,good,0.76266235,988,29,male,3,free,little,little,6579,24,car,good
989,1,good,0.7939561,989,48,male,1,own,little,moderate,1743,24,radio/TV,good
990,1,good,0.82163507,990,37,male,1,own,,,3565,12,education,good
991,1,good,0.82745695,991,34,male,1,own,moderate,,1569,15,radio/TV,good
992,1,bad,0.499185,992,23,male,1,rent,,little,1936,18,radio/TV,good
993,1,good,0.74623364,993,30,male,3,own,little,little,3959,36,furniture/equipment,good
994,1,good,0.8611165,994,50,male,2,own,,,2390,12,car,good
995,1,good,0.79715985,995,31,female,1,own,little,,1736,12,furniture/equipment,good
996,1,good,0.7835266,996,40,male,3,own,little,little,3857,30,car,good
997,1,good,0.8317677,997,38,male,2,own,little,,804,12,radio/TV,good
998,0,bad,0.3975385,998,23,male,2,free,little,little,1845,45,radio/TV,bad
999,1,good,0.6058754,999,27,male,2,own,moderate,moderate,4576,45,car,good
